,Brand
0,Zoot
1,Wild Pair
2,Sutton Studio
3,LaLeela.com
4,Reebok
5,Jessica Simpson
6,The Highest Heel
7,Qupid
8,Alfani
9,Me Too
10,New Balance
11,Under Armour
12,Bruno Magli
13,Nine West
14,Celebrity Pink Jeans
15,Cheer Bunny
16,nan
17,Easy Spirit
18,Touch Ups
19,Caterpillar
20,Dearfoams
21,J. Renee
22,Bar III
23,Karmas Canvas
24,Boulet
25,Comfy Feet
26,Allegra K
27,Landau
28,FIEL
29,Not Your Daughter's Jeans
30,Just My Size
31,Unique Bargains
32,Crocs
33,b.tempt'd by Wacoal
34,DREAM GIRL
35,Skechers
36,Kathlena
37,Dan Post
38,Tkees
39,Big Accessories
40,Spring Step
41,FAMOUS NAME BRAND
42,Black Temptation
43,Nike
44,BCBGeneration
45,Bali
46,Oofos
47,Cesare Paciotti
48,Calvin Klein
49,Nina
50,Fergalicious
51,CET Domain
52,Secret Wishes
53,Depend
54,Brinley Co.
55,Whimsical
56,Versandhausware
57,PleaserUSA
58,MUK LUKS
59,Marc Fisher
60,Birkenstock
61,TwoBirch
62,Olivia Miller
63,LRL Lauren Jeans Co.
64,Dr. Scholl's
65,Western Chief
66,Naturalizer
67,Kylin Express
68,Prada
69,Bloch
70,Pillow Paws
71,Kasper
72,Born
73,Corral Boots
74,Cherokee Footwear
75,Kinco
76,9W Loves Easyspirit
77,Bulova
78,Gentle Souls
79,ELLIE SHOES
80,BCBG Max Azria
81,zeroUV
82,Bed Stu
83,Mezzo
84,FORUM
85,Kenneth Cole Reaction
86,Rampage
87,Movado
88,Style & Co.
89,Bearpaw
90,Isotoner
91,Havaianas
92,Style&co.
93,Klever Kids
94,World's Softest Socks
95,Helly Hansen
96,FM Gifts
97,Enzo Angiolini
98,Lacoste
99,Maidenform Comfort Devotion
100,Xloop
101,SHOES OF SOUL
102,Oeniria
103,Donald J Pliner
104,Madden Girl
105,UGG
106,Seychelles
107,Caparros
108,Bare Traps
109,Mia
110,Woolrich
111,MUK LUKS174
112,Vince Camuto
113,The Flexx
114,Kamik
115,One Clothing
116,DC Comics
117,Franco Sarto
118,Merrell
119,Green 3
120,Michael Kors
121,Bamboo
122,BEAUTIFEET
123,prAna
124,Goody
125,Beacon
126,Miranda By Miranda Lambert
127,Sam Edelman
128,TOMS
129,Charles By Charles David
130,Easy Street
131,Puma
132,Britchel
133,Pleaser
134,EASYCOMFORTS
135,Vibram
136,Delight Jewelry
137,Roxy
138,Saucony
139,White Mountain
140,Funtasma
141,Patrizia Pepe
142,NEONBLOND
143,Ellen Tracy
144,LifeStride
145,Ferrini
146,ASICS
147,Sloggers
148,M&F Western
149,SummitFashions
150,JBU by Jambu
151,Bongo
152,OXU
153,Keds
154,Michael Antonioreg
155,Mia Girl
156,PRADA
157,Morris
158,Brianna Leigh
159,Famous Name Brand
160,Soda
161,Simple
162,American Rag
163,Gucci
164,XOXO
165,Bellini
166,Playful Promises
167,Superior Glove Works
168,SoftWalk
169,ShoeVibe
170,P Jiw
171,Scarf Traditional
172,Lands' End
173,SKECHERS
174,Leg Avenue
175,Lotus
176,Nicki Minaj
177,Rockport
178,Ralph Lauren
179,Valentino
180,Karen Scott
181,Le Suit
182,Dolce Vita
183,Lucky Brand
184,Gloria Vanderbilt
185,COACH
186,Silver Jeans
187,Forever
188,Roma Costume
189,Geneva
190,Alpine Swiss
191,Zumba
192,MICHAEL Michael Kors
193,Aerosoles
194,Annie Shoes
195,Michael Michael Kors
196,Brioni
197,Dyeables
198,Sienna Sky
199,Circa Joan & David
200,Fuse Lenses
201,Micahel Kors
202,Dije California
203,BALI DREAM
204,ANNE KLEIN SPORT
205,Jewelry11
206,DV By Dolce Vita
207,Kenneth Cole Unlisted
208,Louise et Cie
209,Elegant Moments
210,Disney
211,INC
212,Incharacter Costumes LLC
213,Alex Evenings
214,The Walking Cradle Company
215,Propet
216,Material Girl
217,Blancho
218,Armitron
219,INC International Concepts
220,Fila
221,Bgood
222,cosplaydiy
223,Tycon Net
224,Toms
225,Morris Costumes
226,lauren ralph lauren
227,Ugg Australia
228,Two Lips
229,Mix No 6
230,Carhartt
231,adidas
232,Whimsical Gifts
233,Coconuts by Matisse
234,Twisted X
235,Trask
236,Pikolinos
237,Enlightened Expressions
238,Yoki
239,Unbranded
240,Teva
241,Ahnu
242,Natural Soul
243,Ryka
244,Schutz
245,Playtex Play
246,Tommy Hilfiger
247,Chase & Chloe
248,G ANTINI
249,Cestus
250,Charles by Charles David
251,Dollhouse
252,Lane Bryant
253,Unisa
254,Vans
255,VANS
256,Topia
257,Micro Flex
258,Paprika
259,Tecnica
260,Mizuno
261,Ddi
262,Dolce by Mojo Moxy
263,Nice and Great
264,TIARA
265,Citizen
266,Chelsea Crew
267,Seven Til Midnight
268,Norton Mcnaughton
269,Saint Laurent
270,Lencca
271,Kate Spade
272,Vionic
273,Lilyette
274,MEPHISTO
275,L Space
276,IM Link
277,Acorn
278,Tasharina
279,Cape Robbin
280,Sonoma
281,180s
282,"Handmade"""""
283,Stuart Weitzman
284,Les Copains
285,Miles Kimball
286,Elites by Walking Cradles
287,California Costume
288,Michael Michaud for Silver Seasons
289,AvaCostume
290,Franklin
291,Blowfish
292,L'eggs
293,Clarks Collection
294,Coach
295,Emilio Pucci
296,GUESS
297,Heidi Klum Intimates
298,Summit Fashions
299,BareTraps
300,Bussola Style
301,BRIGADA
302,LA GEAR
303,Vince
304,Twenty Four Seven Comfort Apparel
305,Ujena
306,Cole Haan
307,Guess by Marciano
308,G Antini
309,PUMA
310,Touch Ups by Benjamin Walk
311,Drew Shoe
312,Budd Leather
313,Sole Society
314,Vionic with Orthaheel Technology
315,Dune London
316,K swiss
317,Dreamgirl
318,Silvertoe
319,Three Dots
320,Faded Glory
321,FineJewelryVault
322,kate spade
323,American West Jewelry
324,Bordello
325,TOTES ISOTONER
326,Tory Burch
327,JustOneStyle
328,Vision Street Wear
329,Italian Shoe Makers
330,Lauren Ralph Lauren
331,Menbur
332,Gameday Boots
333,Rabbit Skins
334,Pink Queen
335,Simply Charming
336,Invicta
337,Bedroom Athletics
338,Breckelle's
339,1 World Sarongs
340,Salinla Jewelry
341,Corso Como
342,SM New York
343,QUPID
344,Cold Front
345,Metaphor
346,Santoni
347,Tommy Bahama
348,CR
349,Coloriffics
350,Journee Collection
351,Reteron
352,CCILU
353,Billy Austins
354,GX by Gwen Stefani
355,Sperry
356,Dr. Martens
357,Superga
358,Billabong
359,VistaBella
360,Cougar
361,Sandra Darren
362,EVERYBODY BY BZ MODA
363,Report
364,Calvin Klein Jeans
365,Splendid
366,Capezio
367,Toptie
368,Serengeti
369,ST JOHN
370,Badgley Mischka
371,Crown Vintage
372,Opromo
373,Shablool
374,Jette
375,Benjamin Walk
376,Attention
377,BuyEnlarge
378,Klogs
379,Static Footwear
380,Hogan by Tod's
381,mobils by Mephisto
382,Lugz
383,Hunter
384,HDE
385,Nature Breeze
386,Intaglia Designs
387,Fitflop
388,Game Time
389,ON Running
390,Fireside Casuals
391,Heavenly Comfort
392,Clero Jewelry
393,Easy Spirit e360
394,EWP
395,Rockin Denim
396,Miraclesuit
397,Timberland Earthkeepers
398,Isaac Mizrahi
399,ZIGI
400,Amalfi Inc.
401,Canyon River Blues
402,Charter Club
403,Giani Bernini
404,ROKO
405,L'Artiste by Spring Step
406,SEAVEES
407,Miz Mooz
408,Tsubo
409,Columbia
410,Extersteps
411,Montana
412,Funtasma by Pleaser
413,Emu Australia
414,JEFFREY CAMPBELL
415,Minnetonka
416,Kavu
417,ELEGANT MOMENTS
418,Kenneth Cole NY
419,FS/NY
420,Aqua Courture
421,Hortense B. Hewitt
422,Socksmith
423,Mapa professional
424,Junya Watanabe
425,The North Face
426,301 42 SW SM
427,Trailworthy
428,Legendary Whitetails
429,Australia Luxe
430,JewelsObsession
431,GRAYSON
432,LeSportsac
433,bar III
434,361 Degrees
435,Wmu
436,CoverYouHair
437,Antelope
438,Pleaser Shoes
439,Stetson
440,Basic Editions
441,Daniel Green
442,Converse
443,Rebecca Minkoff
444,Wild Diva
445,jntworld
446,Wishpets
447,ROCK & CANDY
448,ANNE WEYBURN
449,Gearonic
450,Josef Seibel
451,Evolatree
452,Bulk Buys
453,Ivanka Trump
454,Angels Jeans
455,Electric
456,Gildan
457,Aearo
458,Dolce & Gabbana
459,Piranha
460,SHOES FOR CREWS
461,DAWGS
462,Smiffy's
463,CIRCA JOAN & DAVID
464,Carlos Santana
465,G BY GUESS
466,Christian Louboutin
467,Cherokee
468,79 SCII
469,Vito Rossi
470,"Halloween Resource Center, Inc."
471,Sanita
472,Anself
473,MTNG Orignals
474,Mo Mo
475,Augusta
476,Tretorn
477,Delman
478,Ellie
479,Hanky Panky
480,Elliott Lucca
481,Pulse
482,Tahari
483,Steve Madden
484,Adrienne Vittadini
485,Amanda Rose Collection
486,Safety Gear
487,Fabrication Enterprises
488,TheBeJeweledEgg Rings
489,Lamo Sheepskin Inc
490,Choosy Shopper
491,Nine West Vintage America Collection
492,Call It Spring
493,BURBERRY
494,Gold Toe
495,Celebrity Pink
496,UGG Australia
497,phistic
498,Dickies
499,Alfred Dunner
500,Frontier Natural Products Co Op
501,Herve Leger
502,All Black
503,Nautica
504,Charles David
505,Sebago
506,Totes
507,Chatties
508,Luichiny
509,Michael Antonio
510,Blue Q
511,Vasque
512,Lane
513,DV by Dolce Vita
514,L.A. Idol Jeans
515,EASY SPIRIT E360
516,Azzuro
517,Miss Me
518,Marni
519,Eurosoft by Sofft
520,Carrini
521,r.b.l.s.
522,Aqua Couture
523,Jewelplus
524,PLEASER
525,U.S. Toy
526,Jack Rogers
527,The Silver Dragon
528,RASTA IMPOSTA
529,NORIKO
530,Excell
531,Timex
532,Midnight By Carole Hochman
533,MensUSA.com
534,Cudas
535,Anita
536,LUXURMAN
537,Maker's Shoes
538,Pelle Moda
539,Wanted
540,Salvatore Ferragamo
541,Biondini
542,DIMMI
543,Mooglyz
544,Louis Vuitton
545,Reef
546,Yo Sox
547,Camila Paris
548,Top Moda
549,M by Marinelli
550,Marina WEst
551,Avia
552,JC Play
553,: Medline
554,Rubie's
555,Ash City   North End
556,Rodeo
557,DG Eyewear
558,TAHARI ASL
559,B.O.C.
560,Via Spiga
561,Bandolino
562,Lauren By Ralph Lauren
563,Elie Tahari
564,Smiffy���s
565,TAHARI BY ASL
566,Lauren by Ralph Lauren
567,I Roc
568,Brinley Co
569,Gull Shoes
570,Luo Luo
571,Style J
572,HUE
573,Frye
574,Maidenform
575,Ebel
576,K Swiss
577,Gilbins
578,OKABASHI
579,Eric Michael
580,IDEOLOGY
581,LaCrosse
582,EasyComforts
583,New Directions
584,Maui Jim
585,L'Artiste
586,2 Lips Too
587,Hao bo
588,Charlie Horse Apparel
589,NYS & CITY SHADES
590,ThisWear
591,U.S. Polo Assn.
592,Golden Goose
593,Gubize
594,Massimo Dutti
595,Bella Marie
596,SOHO GLAM
597,Amia
598,Arizona Jean Company
599,Dance Class
600,Olga
601,Dockers
602,Burberry
603,C Label
604,Scully
605,Hatley
606,IguanaMed
607,Topshop
608,Steven Steve Madden
609,Axxiom
610,funworld
611,Diesel
612,Socks
613,Bobs by Skechers
614,USMONON Jewelry
615,Bulgari
616,topfun
617,Sunville
618,nbsp
619,Pepe Jeans
620,Pedi Couture
621,Croft & Barrow
622,Volatile
623,Zigi Soho
624,Dapper World
625,SHORE TRENDZ
626,BE WICKED
627,DF by Dearfoams
628,Alexandre Birman
629,Vistabella
630,Safety Girl
631,TONY LAMA BOOT CO.
632,El Naturalista
633,Dizzy
634,Rachel
635,Fashion Deals
636,Ice Gems
637,J Goodin
638,Riverberry
639,Patrizia by Spring Step
640,Unbranded/Generic
641,Alpine
642,ENMAYER
643,Levi's
644,GlitZ Finery
645,Dansko
646,Lowa
647,goldia
648,Mia Limited Edition
649,Delicol
650,THEATRICALS
651,Gothic Lolita Wigs®
652,Josmo
653,VANELi
654,MSK
655,Cobb Hill by New Balance
656,BooRoo
657,Callaway
658,LEG AVENUE
659,Overstock.com
660,Eastland
661,Covington
662,BOC
663,Luxury Rebel
664,Panasonic
665,Amoretu
666,Derek Lam
667,Dream Out Loud by Selena Gomez
668,IrisD Bridal
669,Be Wicked
670,Yellow Box
671,Daily Proposal
672,MIAMI HURRICANES
673,Fourever Funky
674,Totally Ghoul
675,Diba
676,Flojos
677,Zerouv
678,Lucky  Brand
679,Liz Claiborne
680,Dressy New Star
681,Party King
682,SKINS
683,Bernie Mev.
684,Tingley
685,Native Bay
686,TK
687,Unbrand
688,Hush Puppies
689,Studio M
690,Shirley Of Hollywood
691,Carlos by Carlos Santana
692,Fidji
693,Fantasie
694,Ozark Trail
695,Helle Comfort
696,Glaze
697,Carhartt Carbondale by Pyramex Safety
698,SeaVees
699,Pendant Obsession
700,Dior
701,Victoria K.
702,Les Miserables
703,The Petting Zoo
704,Yuu
705,Roces
706,SPRING
707,Glamorise
708,G.C. Shoes
709,Devious
710,Thalia Sodi
711,Bernie Mev
712,Franco
713,Scott
714,COCONUTS BY MATISSE
715,JuicyOrange
716,UNITED NUDE
717,I HEART COLLECTION
718,Uskees
719,Fig
720,DbDk Fashion
721,Laura Scott
722,Seek Optics
723,MCR Safety
724,Braza
725,Matiko
726,Eileen Fisher
727,Alvaro Planchart
728,777
729,Anne Klein
730,Report Signature
731,Athena
732,French Sole
733,Rocket Dog
734,Dingo
735,Shopzeus
736,YMXING
737,Earth
738,AMU
739,Cali Chic
740,City Classified
741,maidenform
742,NYDJ
743,J AMERICA
744,Mephisto
745,Babe
746,PAPRIKA
747,MARTIN TOOLS SPROCKET GEAR INC
748,ara
749,Evan Picone
750,Penny Loves Kenny
751,IS Shirley of Hollywood
752,uniwigs
753,Victoria K
754,Avon
755,Ralph
756,Ivy Lane Design
757,Fabrique
758,CROFT & BARROW
759,X Loop
760,Not Rated
761,Studswar
762,Mont Blanc
763,bebe
764,SAS
765,Bucco Capensis
766,Abound
767,Very Volatile
768,Foster Grant
769,Jones New York
770,Laura
771,Delicious
772,Fergie
773,Pinko
774,BOOROO
775,Christian Dior
776,Champion
777,Ariat
778,VERA BRADLEY
779,Soludos
780,Ami
781,Robert Clergerie
782,Custom Leathercraft
783,Soho Girls
784,Guess
785,Grey's Anatomy���
786,Kelly & Katie
787,Emu
788,GLOVEWORKS
789,Eight Second Angel
790,Peacock Jewels
791,PINKISS
792,Jaclyn Smith
793,French Connection
794,Zeckos
795,Playtex
796,La Plume
797,Chase + Chloe
798,RealTree Outfitters
799,Disguise
800,FerriniUSA
801,A Personal Touch
802,MUXILOVE
803,Hounds
804,EARTH ORIGINS
805,PearlsOnly
806,Idakoos
807,Caressa
808,DKNY
809,Dana Davis
810,Item
811,Trina Turk
812,Rocket Dog Brands LLC
813,CORKYS
814,Harry Potter
815,Dakota Collective
816,SOREL
817,Tamarac
818,Totes Isotoner
819,STEVEN by Steve Madden
820,Superfit
821,BioWorld
822,Moda Essentials
823,Diane von Furstenberg
824,Penny & Kenny
825,Costa Del Mar
826,Rachel Rachel Roy
827,Style & Co
828,Mojo Moxy
829,CYMA
830,DailyShoes
831,Port Authority
832,AXON
833,Ideology
834,Dr. Weil
835,Finn Comfort
836,JM COLLECTION
837,Urbane
838,Alegria
839,LAMO SHEEPSKIN
840,Baby Phat
841,Fortress of Inca
842,Ayyara Gem
843,Pulsar
844,High Fashion Diva
845,Latico Leathers
846,Free People
847,Indigo Rd.
848,St. John
849,new@titude
850,Hanes
851,DimitySO
852,a.x.n.y.
853,Tahari ASL
854,Zinda
855,TheMogan
856,Lorin
857,Melissa
858,BCBG Paris
859,Kendall + Kylie
860,Nufoot���
861,Capelli
862,Very Fine
863,California Costumes
864,Belle Sigerson Morrison
865,Diamond Plate
866,Patricia Green
867,Desigual
868,Roper
869,Naot
870,Madeline
871,Zara
872,La Fleva
873,Givenchy
874,L.A.M.B.
875,Muka
876,US Gems
877,Seven7
878,Lfs Glove
879,Lamo
880,Casio
881,TooLoud
882,Milly Ferca 81
883,Sloosh
884,Laco/1925
885,ICY HOT
886,PERFORMANCE SLEEPWEAR
887,Vera Bradley
888,patricia green
889,LOUIS M GERSON
890,Clarks
891,Wolverine
892,Ann Marino
893,Janet's Closet
894,Lila SureGrip
895,Goddessey
896,Manolo Blahnik
897,The Sak
898,Coquette
899,Chinese Laundry
900,Amazon Collection
901,Forum Novelties
902,Keen
903,XTaren
904,Alexander McQueen
905,Storm Bowling Shoes
906,WANTED
907,David Tate
908,Inov 8
909,SockBin
910,Stuhrling Original
911,NATIVE
912,Arturo Chiang
913,Enimay
914,SoleSenseAbility
915,Smiffys
916,MediPeds
917,Sunny Feet
918,GV2 by Gevril
919,JAMBU
920,Ilse Jacobsen Hornbaek
921,Carrera
922,a.n.a
923,Yves Saint Laurent
924,Papillio
925,Betula
926,BellyLady
927,Funny Girl Designs
928,UNBRNADED
929,Ash City
930,Rupert Sanderson
931,Berlei
932,"Arus Marketing, Inc."
933,Ramon Tenza
934,Bokos
935,Does not apply
936,Pokemon
937,Made in China
938,H by Halston
939,Taryn Rose
940,Bernardo
941,COBB HILL BY NEW BALANCE
942,totes
943,La Canadienne
944,Theory
945,Polo Ralph Lauren
946,Denim & Supply
947,SKIDDERS
948,DDI
949,S Cloth
950,Black Fig Designs
951,Sesame Street
952,Levi Strauss & Co.
953,Luxury Divas
954,Bella Vita
955,CATALOG CLASSICS
956,WIG
957,Incharacter
958,Tombo Teamsport
959,MIU MIU
960,Rock & Candy
961,Delicious Sexywear of New York
962,Quiksilver
963,Seiko
964,Freebird by Steven
965,Danish Tradition
966,IMAN
967,Starline LLC
968,Rubie's Costumes
969,George
970,Beverly Clark
971,Hue Leggings
972,"Leg Avenue, Inc."
973,Oka Bee
974,Principle Plastics
975,Re Sole
976,Star Studded Inc
977,Diba.True
978,Frogg Toggs
979,Lifestride
980,J/Slides
981,Danskin Now
982,Kipling
983,What's What by Aerosoles
984,Chic
985,DIOR
986,VENICE BEACH
987,Onyx Nite
988,Sandal King
989,361
990,Patagonia
991,Joy & Mario
992,Juicy Couture
993,LIVE TO IMPRESS
994,Perfect Paper Crafting
995,Athletic Works
996,Curvy Kate
997,NCAA
998,Sea Of Diamonds
999,Simplicity
1000,Azura
1001,Bruce Lee
1002,Denim & Supply Ralph Lauren
1003,Banned
1004,One
1005,Paolo Gucci
1006,Stoosh
1007,QG
1008,Jafa
1009,Spirit Moda
1010,Sporto
1011,Tredsafe
1012,Northside
1013,Pebble
1014,Juil
1015,IB Non Slip
1016,BC Footwear
1017,Unionbay
1018,Avengers
1019,Simple Wishes
1020,Hades
1021,topshop
1022,Fox River Mills
1023,BaubleBar
1024,Jacobies
1025,Soft Science
1026,Dragon
1027,TBJE Wedding Bands
1028,SPORTO
1029,OluKai
1030,Trotters
1031,Panache
1032,Heart Soul
1033,Youmita
1034,Giovanni Navarre
1035,Reneeze
1036,Chelsea & Zoe
1037,Missoni
1038,Breckelle
1039,Parker
1040,Kayleen by Los Angeles
1041,Gola
1042,B. Makowsky
1043,Kenneth Cole
1044,ZIGI SOHO
1045,TAG Heuer
1046,Versace
1047,DKNYC
1048,Adeyro
1049,Joie
1050,Soybu
1051,K DESIGN
1052,Seraphin
1053,So For Her
1054,Mia Heritage
1055,Freya
1056,Timex Watch Bands
1057,Generic
1058,Tifosi
1059,Candies
1060,Feiyue.
1061,"Rubies Costume Co, Inc."
1062,Rachel Roy
1063,I35
1064,Corky's
1065,Fratelli Rossetti
1066,Rialto
1067,Angelina
1068,Blundstone
1069,J.Renee
1070,LEE
1071,Slenderella
1072,Bling jewelry
1073,SPERRY
1074,Lee Rider
1075,Silver Lilly
1076,Gottex
1077,Bronx
1078,S.E.G
1079,Dahlia
1080,Auditions
1081,Gotta Flurt
1082,GLORIOUS SHAPE
1083,Natori
1084,Tidewater
1085,Cecilia Undercover
1086,Granada
1087,Justin Blair
1088,Creative Recreation
1089,Diamond Wish
1090,J`S AWAKE
1091,Volcom
1092,Seven Til Midnight 9750 & 9750X
1093,Strand Import
1094,Juelz
1095,Jolt
1096,Silvert's
1097,Elizabeth and James
1098,Style Co.
1099,ECCO
1100,ROMA
1101,See by Chloe
1102,Carve Designs
1103,Ann Devine
1104,Drew
1105,Stanzino
1106,K. Bell
1107,Lovely Day Lingerie
1108,Sondoongmart
1109,500 LEVEL
1110,Lanvin
1111,Crystal Jewelry
1112,Bella
1113,FANTASIE
1114,Sanuk
1115,American Eagle
1116,Charades
1117,Kamhi World
1118,Aiko
1119,Q2
1120,Mountrek
1121,Bottega Veneta
1122,Mission
1123,Onlycherry
1124,Pour La Victoire
1125,LOTUSTRADERS
1126,Circus by Sam Edelman
1127,Nomad
1128,Ros Hommerson
1129,Blu Time
1130,Swim Sexy
1131,E! Live From The Red Carpet
1132,American Living
1133,Taffy
1134,Aerin
1135,new
1136,ANTIGRAVITY BY EASY SPIRIT
1137,Suncloud
1138,sumaclife
1139,"Minnetonka Moccasin Company, Inc."
1140,MALONE SOULIERS
1141,Lifeguard
1142,Est Jewelry
1143,S.C.
1144,Fruit of the Loom
1145,ChokuShop
1146,eighty4
1147,P&W New York
1148,Yours Clothing
1149,Parent's Choice
1150,Portwest
1151,Bettie Page
1152,Nicole
1153,Ashworth
1154,Tri Mountain
1155,Hello Kitty
1156,Olympia Tools
1157,Issac Mizrahi
1158,Asics
1159,Hades Footwear
1160,Huggrz
1161,National Safety Apparel Inc
1162,Modern Rush
1163,DBDK
1164,Italian Shoemakers
1165,Refresh
1166,Working Women Rock
1167,KodiBag
1168,Naot Footwear
1169,DieHard
1170,NWSC NW Swim Connection
1171,Cheeks
1172,Gen SH
1173,Dirty Laundry
1174,D GOLD
1175,A2 By Aerosoles
1176,Peacock Diamonds
1177,Harley Davidson
1178,Bull Boxer
1179,Array
1180,NFL
1181,Grasshoppers
1182,Premier Comfort
1183,Luxurman
1184,GUPPY LOVE
1185,Tenth Frame
1186,RALPH LAUREN
1187,Big Buddha
1188,"Pleaser USA, Inc."
1189,Unomatch
1190,Callisto
1191,Wanderlust
1192,Wonderbra Style
1193,Sanctuary
1194,Electric Karma
1195,Calvin Klein CK
1196,Seavees
1197,s.Oliver
1198,FOREVER YOUNG
1199,Mountain Warehouse
1200,Madison Harding
1201,Kenneth Cole New York
1202,Apple Bottoms/ Baby Phat
1203,Annie
1204,PLEASER Day & Night
1205,Chassé
1206,Baretraps
1207,Simone Pérèle
1208,LASCANA
1209,Route 66
1210,L'eggs Hosiery
1211,Personal Identity
1212,Studs Galore
1213,Iron Fist
1214,VIONIC BY ORTHAHEEL
1215,Adam Tucker
1216,TAMARAC
1217,Clarks Artisan Collection
1218,CityClassified
1219,Agiato Apparel
1220,Marina West Swimwear
1221,SpiConnect
1222,GG Shoes
1223,Vivienne Westwood
1224,Icebreaker
1225,Badger
1226,Mulco
1227,Superfeet
1228,MiYang Swim
1229,Fade To Blue
1230,DD
1231,Oakley
1232,Robin Piccone
1233,Sara Z
1234,LANBAOSI
1235,Style Co
1236,DV8 by Dolce Vita
1237,Freedi
1238,Xtratuf
1239,UNIQUE BARGAINS
1240,Vaneli Sport
1241,Timberland
1242,medela
1243,TBJE Pendants
1244,Bonnibel
1245,GEMaffair
1246,Charles Albert
1247,Alice
1248,Colibri
1249,So Chic Jewels
1250,Le Myst��re
1251,Posey
1252,Cushe
1253,INC INTERNATIONAL CONCEPTS
1254,bulk buys
1255,Tundra
1256,Relic
1257,Conch Umbrellas
1258,Carella
1259,Johnston & Murphy
1260,VonZipper
1261,RJ's Fuzzies
1262,Naughty Monkey
1263,Marvel
1264,Outre
1265,Magid Glove and Safety (Industrial)
1266,NIKE
1267,Beistle
1268,Delicacy
1269,Earth Spirit
1270,Boutique 9
1271,Audrey Brooke
1272,Sebastian
1273,GROOVE
1274,Deluxe Comfort
1275,unbranded
1276,Lucky
1277,Vionic by Orthaheel
1278,Anne Cole
1279,UjENA
1280,InCharacter
1281,Mirage Pet Products
1282,ByeBra Original (The Netherlands)
1283,Oscar de la Renta
1284,Bogs
1285,Plum Feathers
1286,Marc Jacobs
1287,Spyglass Designs
1288,Gerry Weber
1289,MsMushroom
1290,Skins
1291,ROSE PETALS BY WALKING CRADLES
1292,adidas Originals
1293,Alternative
1294,Muck Boot
1295,Sansha
1296,Dupont
1297,BONNIBEL
1298,Restricted
1299,PrAna
1300,MIXX SHUZ
1301,Caractere
1302,Brahma
1303,Sweetie's Shoes
1304,Fahrenheit
1305,Miu Miu
1306,General Electromagnetics
1307,HALLOWEEN
1308,MI.IM
1309,Colonial Medical Assisted Devices
1310,Hoka One One
1311,LEVIS
1312,Dow
1313,Chloe
1314,HIART
1315,LaFayette 148
1316,Jeffrey Campbell
1317,Softspots
1318,Lee
1319,Norm Thompson
1320,LL
1321,Tamaris
1322,iBasic Intima
1323,ELLAZHU
1324,Vybe
1325,KATUO
1326,Rachel Zoe
1327,Clarks Artisan
1328,Dr. Martens Air Wair
1329,DE BLOSSOM COLLECTION
1330,LFL
1331,Madeline Girl
1332,Rubies
1333,Hibaly
1334,FrenchChimp
1335,BELLA VITA
1336,Joe's
1337,Kelsi Dagger
1338,Briggs New York
1339,Sebastian Milano
1340,Skirts 'N Scarves
1341,Fossil
1342,Life Stride
1343,Victoria's Secret
1344,Armitron Sport
1345,Vee Vee
1346,Felina
1347,Athena Alexander
1348,handmade
1349,Laurel Burch
1350,Dexter Bowling Shoes
1351,Lumbarwear
1352,Brooks
1353,Emozioni
1354,Rembrandt Charms
1355,House of Dereon
1356,Laundry by Shelli Segal
1357,Zee Alexis
1358,Lazy One
1359,excell
1360,NON BRANDED
1361,Rebels
1362,Joe Boxer
1363,Adidas
1364,Crystal Thai Jewelry
1365,Ralph by Ralph Lauren
1366,Charlotte Olympia
1367,Unlisted Kenneth Cole
1368,Mari A.
1369,Slocyclub
1370,Panda Superstore
1371,Alexander Wang
1372,Pearl Izumi
1373,Sans marque
1374,Ocean Pacific
1375,BP.
1376,RUBIES
1377,Brybelly Holdings
1378,Longqi Beauty
1379,Dawgs
1380,Lucchese
1381,I Love Comfort
1382,Stella McCartney
1383,Roberto Cavalli
1384,Team Fortress
1385,OH!
1386,Babe.
1387,T.S.
1388,Gem Avenue
1389,Farm to Feet
1390,rag & bone
1391,Sbicca
1392,Peanuts Gang
1393,Keuka SureGrip
1394,Celine
1395,BOSS
1396,Rubie's Costume Co
1397,Harutake
1398,Vir Jewels
1399,TRUE linkswear
1400,KHOMBU
1401,VIA PINKY
1402,Tahari by ASL
1403,Cherokee work wear
1404,MIZ MOOZ
1405,Giro
1406,Kailees Jewelry Box
1407,N.Y.L.A.
1408,Kathy Ireland
1409,Miista
1410,Piamita
1411,Rapid Dominance
1412,Fengbay
1413,Adriana New York
1414,Very Fine Dance Shoes
1415,Fashion Focus
1416,Grendene
1417,Summitfashions
1418,Bettye Muller
1419,Muck
1420,Magic Silk
1421,MaskIt
1422,BSI
1423,Paper Magic
1424,Mark Lemp By Walking Cradles
1425,Generic Surplus
1426,Richie House
1427,BELLA MARIE
1428,ShapeEager
1429,Canada Weather Gear
1430,MARILYN MODA
1431,AMIKA
1432,Op
1433,Sahalie
1434,Academie Gear
1435,Rainbeau
1436,RayBan
1437,H By Hudson
1438,CTM
1439,RDS Industries
1440,FILA Sport
1441,M.F.
1442,Zipravs
1443,Design By Humans
1444,Romika
1445,M by Marc Bouwer
1446,Etienne Aigner
1447,Paul Green
1448,Kikkerland
1449,Marie Claire
1450,Shelby Specialty Gloves
1451,Sugar
1452,FashionJewelryForEveryone.com
1453,Berne Apparel
1454,Fit Flop
1455,ELLEN TRACY
1456,Susan G. Komen
1457,Fendi
1458,Remonte
1459,C LABEL
1460,Manya
1461,Justin Boots
1462,US Toy
1463,Sport Wrap
1464,Ellery
1465,Simply Emma
1466,PERSOL
1467,Kensie
1468,Medline
1469,Static Fashion
1470,Forum
1471,Christina
1472,Mysticdrop
1473,Sixth + Love
1474,NAUTICA
1475,CLINIC SHOE
1476,Loeffler Randall
1477,vestal
1478,Star Wars
1479,Mermaid
1480,Halogen
1481,Sperry Top Sider
1482,PASTRY
1483,Spenco
1484,Korks
1485,Andre Assous
1486,Nufoot
1487,OTZ SHOES
1488,PACIFIC TRAIL
1489,Jerzees
1490,Celebrity
1491,Skechers USA
1492,SUPERGA
1493,Pajar
1494,Spanx
1495,Gabor
1496,TS35
1497,Luxxe Slimming Apparel
1498,MELLOW WALK
1499,Mad Style
1500,Fifi
1501,Nygard
1502,KATAHDIN GEAR
1503,McRae Industrial
1504,Sof Sole
1505,Pas De Rouge
1506,Dreambell
1507,Sm
1508,Star Ride
1509,RED WILLOW BY TAOS
1510,Laredo
1511,Maria Claire
1512,Easy USA
1513,GearX
1514,DanceNwear
1515,Anne Michelle
1516,Rasta Imposta
1517,Corky's Footwear
1518,Versani
1519,Luckers
1520,See By Chloe
1521,PACCILO
1522,Nic + Zoe
1523,Geox
1524,ToLuLu
1525,HIS
1526,Cliffs by White Mountain
1527,T K
1528,Carlos by Carlo Santana
1529,Boreal
1530,Onitsuka Tiger
1531,Emporio Armani
1532,HAFLINGER
1533,NAUGHTY MONKEY
1534,Demonia
1535,BERNE APPAREL
1536,Mozo
1537,Nicole Miller
1538,Kate Spade New York
1539,Visconti
1540,Bite
1541,Tonwhar
1542,Haflinger
1543,Wonders
1544,Pogo club
1545,Danshuz
1546,Glister
1547,Skilcraft
1548,Judith
1549,M.G.
1550,Carmen Marc Valvo
1551,Parfait by Affinitas
1552,Karen Neuburger
1553,Red Blossom
1554,Sesto Meucci
1555,Soft Sensations
1556,Linda Farrow
1557,Unique's Shop
1558,L.A. Beauty
1559,SCOTT HAWAII
1560,Venettini
1561,Magic Suit
1562,Carole Hochman
1563,Specialized
1564,VALENTINES
1565,Nioxin
1566,Mupoo
1567,Grey's Anatomy
1568,Sweet Ballerina
1569,SODA
1570,GIVE ME FIVE
1571,Aquatalia
1572,Spy
1573,Anchor Brand
1574,Cvs
1575,Manitobah
1576,Pearls By Pearl
1577,Augusta Sportswear
1578,Fergie Footwear
1579,GIAMIA
1580,Canada Goose
1581,IDEA
1582,Beyond Yoga
1583,Khombu
1584,Adrianna Papell
1585,FERGIE
1586,Butterfly Twists
1587,Vestiture
1588,Speed Limit 98
1589,Nocona Boots
1590,Intaglia
1591,Memphis Glove
1592,Rieker Antistress
1593,Tahari By ASL
1594,Tidal New York
1595,Walking Cradles
1596,JustEmily
1597,GLITZ Apparel
1598,LetsBuySilver
1599,TBJE Necklace Centers
1600,Seafolly
1601,Helmut Lang
1602,Problem Solvers
1603,Belle Badgley Mischka
1604,Tribal
1605,Anna
1606,Underwraps Costumes
1607,Newton Running
1608,GOGO
1609,ATHENA
1610,North Safety / Honeywell
1611,Lillian Rose
1612,Crystal Case
1613,Fashion Forms
1614,Chaps
1615,P2N Store
1616,DUNHU
1617,OP
1618,Sarah Jessica Parker
1619,Willowbee
1620,summitfashions
1621,ITALIAN COMFORT
1622,Express
1623,Krizia
1624,GLM
1625,G By Guess
1626,Blazin Roxx
1627,Keshet Accessories
1628,Looney Tunes
1629,Yelete
1630,Bumper
1631,Adar Uniforms
1632,Best Desu
1633,DVF
1634,Opening Ceremony
1635,Matt Bernson
1636,Wonder Clothing
1637,Studio Pollini
1638,Easy
1639,Lupo
1640,RUBIES COSTUME CO
1641,Church's
1642,Cocoon
1643,FlyLow Gear
1644,Colorful Creations
1645,INC Beach
1646,Klub Nico
1647,VALUE BRAND
1648,Nanette Lepore
1649,Sorel
1650,Maximum Safety
1651,Fabulicious
1652,Baffin
1653,Of the Moment
1654,Rainbow
1655,DivaDesigns
1656,Minions
1657,Jig Foo
1658,Andrew Stevens
1659,Etam
1660,Adored
1661,Charlie 1 Horse
1662,SPLENDID
1663,Vassarette
1664,Ipanema
1665,ZZZRT traders
1666,Hadari
1667,Sudini
1668,Flexees
1669,Taillissime
1670,MARC FISHER LTD
1671,Yosi Samra
1672,Star Bay
1673,BOSS HUGO BOSS
1674,Aldo
1675,Alvdis
1676,Kushyfoot
1677,SGW
1678,Aloha Aina Sandals
1679,Ellie Shoes
1680,MasterGem
1681,Genuine Major League
1682,Natural World
1683,Jessica Howard
1684,La Sportiva
1685,Max Azria
1686,Jimmy Choo
1687,PINUP
1688,Swiss Legend
1689,Unik
1690,BOOTSITOOTSI
1691,Venus
1692,90 Degree
1693,SUGAR
1694,Morgan
1695,DJO / Bell Horn
1696,Patterson Medical
1697,Townforst
1698,Patrizia
1699,Spy Optic
1700,I YOKIDS
1701,GC Shoes
1702,Police
1703,Designer
1704,Malco Modes
1705,Wanted Shoes
1706,LUO LUO
1707,Millenium 3
1708,La Blanca
1709,Beston
1710,KOI
1711,J Shoes
1712,Mea
1713,Munro American
1714,Aeropostale
1715,Costumes For All Occasions
1716,Vanity Fair
1717,Women's Lingerie  Lace Bra with G string
1718,Le Luxe
1719,Barco Uniforms
1720,GEORGIA
1721,Mudd
1722,Moksha Imports
1723,Priorities
1724,LOVER
1725,Junghans
1726,Kickers
1727,J Ann
1728,Lamaze
1729,Vans Footwear
1730,Aqua
1731,Minnie Mouse
1732,Smitten Scrubs
1733,Cruel Girl
1734,Pink K
1735,Aravon
1736,StyleCo.
1737,Speedo
1738,Rider
1739,Chaco
1740,YoursClothing
1741,PATRIZIA BY SPRING STEP
1742,Black Dots Mesh Ruffle Trim Garter Belt
1743,Chass��
1744,LuoLuo
1745,Amoro
1746,Elini Barokas
1747,Otium
1748,FREE PEOPLE
1749,47 Maple Accessories
1750,Seven Dials
1751,CA by CINZIA ARAIA
1752,Pons Quintana
1753,onblue
1754,Ladyline
1755,LIFE STRIDE
1756,Choies
1757,National
1758,Anne Klein Sport
1759,Rieker
1760,Suit Studio
1761,Marchon
1762,Nexus
1763,NATIONAL SAFETY APPAREL
1764,Ted Lapidus
1765,Cynthia Rowley
1766,Blackstone
1767,HOKA ONE ONE
1768,AS By KSC
1769,Alegria Footwear
1770,Weixinbuy
1771,Dream Girl
1772,Joseph Griffin L.A. Collection
1773,Stokton
1774,Rubies Costume
1775,Mad About Heels
1776,"Showa Best Glove, Inc"
1777,Ash
1778,Robe Factory
1779,Tropical Escape
1780,DC
1781,Woolrich White Collection
1782,Croakies
1783,Madison
1784,Naila
1785,Native
1786,Hulislem
1787,Isola
1788,Cantini & Cantini
1789,Silver
1790,Estwing
1791,Delight Beads
1792,Skidders
1793,Durango
1794,Ooh La La
1795,L RL Lauren Active
1796,POP
1797,Mootsies Tootsies
1798,Elita
1799,AGL
1800,Momentum
1801,Current/Elliott
1802,Outlaw
1803,Radnor
1804,A'rcopedico
1805,NEW BALANCE
1806,Tooniforms
1807,RG Costumes
1808,Soprano
1809,rathora
1810,Decky
1811,Kardinale by Fernando Pensato
1812,Dritz
1813,The Original Muck Boot Company
1814,BCBG
1815,Milly
1816,De Blossom Collection
1817,In Sattva
1818,Disguise Costumes
1819,Tod's
1820,Born to Accessorize
1821,FitFlop
1822,BAR III
1823,Diane
1824,Latigo
1825,ilishop
1826,Zhijing
1827,BALI
1828,Conner Hats (formerly Cov ver Hats)
1829,OXO
1830,NYDJ Not Your Daughter's Jeans
1831,Little Boutique
1832,Hat Attack
1833,Dollymix
1834,Bling Bar
1835,Paris Hilton
1836,Rene Rofe
1837,TYR
1838,Ausmart Fashion
1839,Ju'Sto
1840,Naya
1841,Siskiyou
1842,NEWTON
1843,Trotter
1844,Hi Tec
1845,De Blossom
1846,Ray Ban Junior Kids
1847,Global Vision Eyewear
1848,Life Strides
1849,Roma Costumes
1850,Orthaheel
1851,Firmiana
1852,Marc New York Performance
1853,Marc By Marc Jacobs
1854,Classique
1855,MIA
1856,Mimco
1857,Holloway Sportswear
1858,Chatham
1859,Hoops Loops
1860,Avery Hill
1861,Mogulinterior
1862,GoodNites
1863,Zoot Sports
1864,Tom Ford
1865,HEAD
1866,Ted Baker
1867,Unlisted
1868,Wacoal
1869,beautyforever
1870,BLOWFISH
1871,Natori Sleepwear
1872,Hudson
1873,Happy Mama Boutique
1874,Bamboo54
1875,HOLIDAY
1876,Bransformers Inc.
1877,Baubles & Co
1878,Poetic Licence
1879,IB Tornado
1880,Kim Rogers
1881,Duofold
1882,Nerd Optix
1883,L'Agence
1884,Escante
1885,Foot Traffic
1886,Selini
1887,Lukso_JW
1888,Carolinna Espinosa
1889,Sport
1890,Cobian
1891,B. Tempt'd
1892,Ray Ban
1893,Christian Audigier
1894,Dream Girl Lingerie
1895,Earth's Best
1896,Napoleon
1897,T.U.K.
1898,PAIGE
1899,Bvlgari
1900,LeLuv
1901,Jordan
1902,Magdesians
1903,People Footwear
1904,Kirkland Signature
1905,Charles Hubert
1906,Purple Box Jewelry
1907,Propper
1908,Babycham
1909,District
1910,Serfas Footwear
1911,Henry Ferrera Collection
1912,Loshin's
1913,Forever Collectible
1914,DOCKERS
1915,Muk Luks
1916,Toms Footwear
1917,Penbrooke
1918,Alwin
1919,WISHPETS
1920,Thudguard
1921,Mariposa
1922,AMALFI BY RANGONI
1923,Cimarron
1924,Everybody By BZ Moda
1925,Sweet Brownie
1926,k craft
1927,SCRUB ZONE
1928,Misook
1929,NAYA
1930,Chfashion
1931,Ahh larm
1932,Nocona
1933,Blue Sky Swimwear
1934,Xiaotianxin
1935,MIA HERITAGE
1936,Sole
1937,Juicy Couture Black Label
1938,WALTERDRAKE
1939,Custo Barcelona
1940,Becca
1941,Bangood
1942,7 For All Mankind
1943,LE SUIT
1944,Bancha
1945,IMPO CHILIS
1946,SJSP
1947,JFab
1948,TressMatch
1949,Caravelle
1950,Karamel By Ragg
1951,SHANHAI
1952,Maison Jules
1953,RomaCostume
1954,Costume Supercenter
1955,Modit
1956,Rbenxia
1957,Giroux
1958,Love Moschino
1959,BL
1960,Cortland Intimates
1961,Bristol Novelty
1962,DPNM
1963,Bar Lii
1964,PJ Couture
1965,Bally
1966,Only
1967,ALPINE
1968,Rocky 4EurSole
1969,MUCK BOOT
1970,ToteBagFactory
1971,EMOJI
1972,G.I.L.I.
1973,RELLECIGA
1974,Dr Scholls
1975,Demdaco
1976,Jellan
1977,PinkCityCreations
1978,CJ Apparel
1979,Nita Belle
1980,Betsey Johnson
1981,CAPE ROBBIN
1982,Isaac Mizrahi New York
1983,FLATSEVEN
1984,Style and Co
1985,SakRoots
1986,Jambu
1987,GMI By Divine Apparel
1988,ITALIAN SHOE MAKERS
1989,JewelryWeb
1990,KALA
1991,Fun World
1992,Dominique
1993,Nina Originals
1994,Only Hearts
1995,Impo
1996,Sorel Footwear
1997,Freeman Manufacturing Co.
1998,Marchez Vous
1999,Bronze Times
2000,Logo
2001,Martha Davis
2002,Tory Burch Tory Sport
2003,KIIND OF
2004,Car Shoe
2005,Trussardi
2006,Techno Marine
2007,Karen Kane
2008,MTNG Originals
2009,Your Gallery Women bikini
2010,Marina
2011,Pin
2012,Prada Sport
2013,NewYork Transit
2014,Breckelles
2015,Via Pinky
2016,LE CHIC
2017,BONNNIBEL
2018,SourcingMap
2019,MOLDEATE
2020,Old Gringo
2021,Girls Pink
2022,Novica
2023,Skyey J
2024,Downton Abbey
2025,Balenciaga
2026,Cejon
2027,AOD
2028,Mara Hoffman
2029,Everlastreg
2030,2Chillies
2031,Cityclassified
2032,Benjamin Adams London
2033,Yummie
2034,Efco
2035,Summit by White Mountain
2036,iB iP
2037,Steel Blue
2038,ELLIE SHOES INC
2039,EyeBuyExpress
2040,Flogg
2041,Liberty Glove Safety
2042,COSTUME CULTURE BY FRANCO LLC
2043,Daisy Fuentes
2044,Underwraps
2045,Tactical 5.11
2046,BUYSEASONS
2047,LUCCHESE
2048,Tiffany & Co.
2049,TRETORN
2050,Hailey Jeans Co.
2051,89th & Madison
2052,"PEDIFIX, INC."
2053,SUGAR BY RAMPAGE
2054,DoctorInsole
2055,Universal Direct Brands
2056,CONVERSE
2057,Greenice
2058,Easy Spirit.
2059,Moschino
2060,Blue Bell Shoes
2061,Esprit
2062,Kiind Of
2063,L.K. Bennett
2064,Trugel
2065,Kathmandu
2066,Kut from the Kloth
2067,Elizabeth And James
2068,Mountain Hardwear
2069,Genuine Dickies
2070,ReliBeauty
2071,Defeet
2072,Raoul
2073,ShapEager Collections
2074,One Step Up
2075,J CREW
2076,Costume Culture
2077,Nina Ricci
2078,ChubbyChicoCharms
2079,Avanti
2080,SOFT GREY
2081,Huggies
2082,MG35
2083,Haby
2084,Lauren Lorraine
2085,Unknown
2086,Parfait
2087,Arche
2088,GL Brand
2089,Creative Converting
2090,craftmanship
2091,MS Bargain Hunters
2092,Sannysis
2093,WonderbraPlus
2094,Centorum
2095,JSLIDES
2096,B.O.C
2097,iLoveSIA
2098,Love Delicious
2099,Authentic Street Signs
2100,Nicole Miller New York
2101,Elegant Footwear
2102,Bling Jewelry
2103,SCOTT
2104,Shrek
2105,VC Signature
2106,THEATRICALS DANCE FOOTWEAR
2107,DELMAN
2108,MARILYN MONROE
2109,Fonk Store
2110,Fly London
2111,Fox River
2112,Corral
2113,Gant
2114,Finis
2115,ED Ellen DeGeneres
2116,KushyFoot
2117,Unice Hair
2118,West Chester
2119,Hinge
2120,Burton
2121,Mariana
2122,SheSole
2123,Dr. Brown's
2124,Ditzy Fashion
2125,Z SHOW Swimwear
2126,Halston Heritage
2127,4COU
2128,Mjus
2129,Sofft
2130,Star Studded Inc.
2131,ROCKPORT COBB HILL
2132,Hanerdun
2133,SugarShoes
2134,TBJE Slide Pendants
2135,Athletech
2136,ANNE MICHELLE
2137,EARTH SHOES
2138,Goddessey LLC
2139,Andrew Geller
2140,Miss Selfridge
2141,3dRose
2142,NIXON
